{"_type":"export","__export_format":4,"__export_date":"2024-12-04T07:18:55.603Z","__export_source":"insomnia.desktop.app:v10.1.1","resources":[{"_id":"req_bdd357cafe774a6ca9c80a157c4158bf","parentId":"fld_b2f65597eb034f51a9d0753e0a959f65","modified":1733296601892,"created":1733296577753,"url":"http://localhost:8080/inventory/product/1/update-stock?quantity=10","name":"inventoryservice stock down by productId","description":"","method":"PUT","body":{},"parameters":[],"headers":[{"name":"User-Agent","value":"insomnia/10.1.1"}],"authentication":{},"metaSortKey":-1733296577753,"isPrivate":false,"pathParameters":[],"settingStoreCookies":true,"settingSendCookies":true,"settingDisableRenderRequestBody":false,"settingEncodeUrl":true,"settingRebuildPath":true,"settingFollowRedirects":"global","_type":"request"},{"_id":"fld_b2f65597eb034f51a9d0753e0a959f65","parentId":"wrk_scratchpad","modified":1733296587110,"created":1733296262759,"name":"My Folder","description":"","environment":{},"environmentPropertyOrder":null,"metaSortKey":-1733296262759,"_type":"request_group"},{"_id":"wrk_scratchpad","parentId":null,"modified":1730000483014,"created":1730000483014,"name":"Scratch Pad","description":"","scope":"collection","_type":"workspace"},{"_id":"req_442f25c775b54f9caa3524d19dcf29d0","parentId":"fld_b2f65597eb034f51a9d0753e0a959f65","modified":1733296552911,"created":1733296497464,"url":"http://localhost:8080/inventory/product/1/update-stockup?quantity=10","name":"inventoryservice stockup by productId","description":"","method":"PUT","body":{},"parameters":[],"headers":[{"name":"User-Agent","value":"insomnia/10.1.1"}],"authentication":{"type":"oauth2","grantType":"client_credentials","accessTokenUrl":"http://localhost:8181/realms/spring-boot-relm/protocol/openid-connect/token"},"metaSortKey":-1733296497464,"isPrivate":false,"pathParameters":[],"settingStoreCookies":true,"settingSendCookies":true,"settingDisableRenderRequestBody":false,"settingEncodeUrl":true,"settingRebuildPath":true,"settingFollowRedirects":"global","_type":"request"},{"_id":"req_85e06a6c6251433baf1abfd0a6a8b58b","parentId":"fld_b2f65597eb034f51a9d0753e0a959f65","modified":1733296523638,"created":1733296376219,"url":"http://localhost:8080/inventory/putproduct","name":"inventoryservice addnew product","description":"","method":"POST","body":{"mimeType":"application/json","text":"{\n\t\"productId\":\"10\",\n\t\"stockLevel\":\"10\"\n}"},"parameters":[],"headers":[{"name":"Content-Type","value":"application/json"},{"name":"User-Agent","value":"insomnia/10.1.1"}],"authentication":{"type":"oauth2","grantType":"client_credentials","accessTokenUrl":"http://localhost:8181/realms/spring-boot-relm/protocol/openid-connect/token"},"metaSortKey":-1733296376219,"isPrivate":false,"pathParameters":[],"settingStoreCookies":true,"settingSendCookies":true,"settingDisableRenderRequestBody":false,"settingEncodeUrl":true,"settingRebuildPath":true,"settingFollowRedirects":"global","_type":"request"},{"_id":"req_a6ca875292714e3e94a54470074ba39c","parentId":"wrk_scratchpad","modified":1731490019831,"created":1731041644757,"url":"localhost:8080/reports/recovery","name":"New Request","description":"","method":"GET","body":{},"parameters":[{"id":"pair_f7f73735ebe148de8b536ba76e74683f","name":"startTime","value":"","description":"","disabled":false},{"id":"pair_0fa856000da1497ab0a99f9f6aa62f4f","name":"endTime","value":"","description":"","disabled":false}],"headers":[{"name":"User-Agent","value":"insomnia/10.1.1","id":"pair_1abcb4a711bc40f6adc9c82d21513faa"}],"authentication":{},"metaSortKey":-1731041644757,"isPrivate":false,"pathParameters":[],"settingStoreCookies":true,"settingSendCookies":true,"settingDisableRenderRequestBody":false,"settingEncodeUrl":true,"settingRebuildPath":true,"settingFollowRedirects":"global","_type":"request"},{"_id":"req_c040cc7d259442d58b3f1da3f60e3d7b","parentId":"wrk_scratchpad","modified":1733296448363,"created":1730094606827,"url":"localhost:8080/inventory/putproduct","name":"inventoryservice addnew product","description":"","method":"POST","body":{"mimeType":"application/json","text":"{\n\t\"productId\":\"10\",\n\t\"stockLevel\":\"10\"\n}"},"parameters":[],"headers":[{"name":"Content-Type","value":"application/json"},{"name":"User-Agent","value":"insomnia/10.1.1"}],"authentication":{"type":"oauth2","grantType":"client_credentials","clientSecret":"sNwKHEXBf76kugm6OaTAQ1u8u5WhILHC","accessTokenUrl":"http://localhost:8181/realms/spring-boot-relm/protocol/openid-connect/token","clientId":"spring-client-security"},"metaSortKey":-1730094606827,"isPrivate":false,"pathParameters":[],"settingStoreCookies":true,"settingSendCookies":true,"settingDisableRenderRequestBody":false,"settingEncodeUrl":true,"settingRebuildPath":true,"settingFollowRedirects":"global","_type":"request"},{"_id":"req_37a457c90bfa4896bba1bd1c32318c1b","parentId":"wrk_scratchpad","modified":1733296517657,"created":1730094544671,"url":"localhost:8080/inventory/product/1/update-stockup","name":"inventoryservice stockup by productId","description":"","method":"PUT","body":{},"parameters":[{"id":"pair_b3fa3c2ef7014c9b88a7d807181c2278","name":"quantity","value":"10","description":"","disabled":false}],"headers":[{"name":"User-Agent","value":"insomnia/10.1.1"}],"authentication":{"type":"oauth2","grantType":"client_credentials","clientSecret":"sNwKHEXBf76kugm6OaTAQ1u8u5WhILHC","accessTokenUrl":"http://localhost:8181/realms/spring-boot-relm/protocol/openid-connect/token","clientId":"spring-client-security"},"metaSortKey":-1730094544671,"isPrivate":false,"pathParameters":[],"settingStoreCookies":true,"settingSendCookies":true,"settingDisableRenderRequestBody":false,"settingEncodeUrl":true,"settingRebuildPath":true,"settingFollowRedirects":"global","_type":"request"},{"_id":"req_ed320bb31ab049cdbc5826c843c6d577","parentId":"wrk_scratchpad","modified":1733296589803,"created":1730094410354,"url":"localhost:8080/inventory/product/1/update-stock","name":"inventoryservice stock down by productId","description":"","method":"PUT","body":{},"parameters":[{"id":"pair_a74330ba348a46e3a6ea7f097a8ca48b","name":"quantity","value":"10","description":"","disabled":false}],"headers":[{"name":"User-Agent","value":"insomnia/10.1.1","id":"pair_48bb5f5b22b1485d868ef46cfdc65f2a"},{"id":"pair_e38314129ed04a8ba5cf3889178f4720","name":"","value":"","description":"","disabled":false}],"authentication":{"type":"oauth2","grantType":"client_credentials","clientSecret":"sNwKHEXBf76kugm6OaTAQ1u8u5WhILHC","accessTokenUrl":"http://localhost:8181/realms/spring-boot-relm/protocol/openid-connect/token","clientId":"spring-client-security"},"metaSortKey":-1730094410354,"isPrivate":false,"pathParameters":[],"settingStoreCookies":true,"settingSendCookies":true,"settingDisableRenderRequestBody":false,"settingEncodeUrl":true,"settingRebuildPath":true,"settingFollowRedirects":"global","_type":"request"},{"_id":"req_eddf05dcea954ec2b7a5c871f213513f","parentId":"wrk_scratchpad","modified":1731991597279,"created":1730094303361,"url":"localhost:8080/inventory/product/1","name":"inventoryservice get inventory by productId","description":"","method":"GET","body":{},"parameters":[],"headers":[{"name":"User-Agent","value":"insomnia/10.1.1"}],"authentication":{"type":"oauth2","grantType":"client_credentials","clientSecret":"sNwKHEXBf76kugm6OaTAQ1u8u5WhILHC","accessTokenUrl":"http://localhost:8181/realms/spring-boot-relm/protocol/openid-connect/token","clientId":"spring-client-security"},"metaSortKey":-1730094303361,"isPrivate":false,"pathParameters":[],"settingStoreCookies":true,"settingSendCookies":true,"settingDisableRenderRequestBody":false,"settingEncodeUrl":true,"settingRebuildPath":true,"settingFollowRedirects":"global","_type":"request"},{"_id":"req_7f2abff1e0f243e3b5081b88e34477d7","parentId":"wrk_scratchpad","modified":1732006262569,"created":1730094034357,"url":"localhost:8080/payments/12/status","name":"payment service update status by id","description":"","method":"PUT","body":{"mimeType":"application/json","text":"\"COMPLETED\""},"parameters":[],"headers":[{"name":"Content-Type","value":"application/json"},{"name":"User-Agent","value":"insomnia/10.1.1"}],"authentication":{"type":"oauth2","grantType":"client_credentials","clientSecret":"sNwKHEXBf76kugm6OaTAQ1u8u5WhILHC","accessTokenUrl":"http://localhost:8181/realms/spring-boot-relm/protocol/openid-connect/token","clientId":"spring-client-security"},"metaSortKey":-1730094034357,"isPrivate":false,"pathParameters":[],"settingStoreCookies":true,"settingSendCookies":true,"settingDisableRenderRequestBody":false,"settingEncodeUrl":true,"settingRebuildPath":true,"settingFollowRedirects":"global","_type":"request"},{"_id":"req_876bfa5c82f248edbd625353468c6ba9","parentId":"wrk_scratchpad","modified":1731991606246,"created":1730093932839,"url":"localhost:8080/payments/order/5","name":"paymentservice payment by orderId","description":"","method":"GET","body":{},"parameters":[],"headers":[{"name":"User-Agent","value":"insomnia/10.1.1"}],"authentication":{"type":"oauth2","grantType":"client_credentials","accessTokenUrl":"http://localhost:8181/realms/spring-boot-relm/protocol/openid-connect/token","clientId":"spring-client-security","clientSecret":"sNwKHEXBf76kugm6OaTAQ1u8u5WhILHC"},"metaSortKey":-1730093932839,"isPrivate":false,"pathParameters":[],"settingStoreCookies":true,"settingSendCookies":true,"settingDisableRenderRequestBody":false,"settingEncodeUrl":true,"settingRebuildPath":true,"settingFollowRedirects":"global","_type":"request"},{"_id":"req_8926e1c90fbe484b9ee8dac87e229e61","parentId":"wrk_scratchpad","modified":1731992747594,"created":1730093818039,"url":"localhost:8080/payments","name":"paymentservice add payment","description":"","method":"POST","body":{"mimeType":"application/json","text":"{\n\t\"orderId\":\"1\",\n\t\"amount\":\"2\",\n\t\"transactionId\":\"TRANS_1234\",\n\t\"status\":\"PENDING\"\n}"},"parameters":[],"headers":[{"name":"Content-Type","value":"application/json"},{"name":"User-Agent","value":"insomnia/10.1.1"}],"authentication":{"type":"oauth2","grantType":"client_credentials","accessTokenUrl":"http://localhost:8181/realms/spring-boot-relm/protocol/openid-connect/token","clientId":"spring-client-security","clientSecret":"sNwKHEXBf76kugm6OaTAQ1u8u5WhILHC"},"metaSortKey":-1730093818039,"isPrivate":false,"pathParameters":[],"settingStoreCookies":true,"settingSendCookies":true,"settingDisableRenderRequestBody":false,"settingEncodeUrl":true,"settingRebuildPath":true,"settingFollowRedirects":"global","_type":"request"},{"_id":"req_7c1c853345794ee793b9a01d9ad0a7c8","parentId":"wrk_scratchpad","modified":1731992745309,"created":1730093481214,"url":"localhost:8080/orders/5/updatestate","name":"orderservice update order by state","description":"","method":"PUT","body":{"mimeType":"application/json","text":"\"COMPLETED\""},"parameters":[],"headers":[{"name":"Content-Type","value":"application/json"},{"name":"User-Agent","value":"insomnia/10.1.1"}],"authentication":{"type":"oauth2","grantType":"client_credentials","clientSecret":"sNwKHEXBf76kugm6OaTAQ1u8u5WhILHC","accessTokenUrl":"http://localhost:8181/realms/spring-boot-relm/protocol/openid-connect/token","clientId":"spring-client-security"},"metaSortKey":-1730093481214,"isPrivate":false,"pathParameters":[],"settingStoreCookies":true,"settingSendCookies":true,"settingDisableRenderRequestBody":false,"settingEncodeUrl":true,"settingRebuildPath":true,"settingFollowRedirects":"global","_type":"request"},{"_id":"req_0b81e213b6e840fb841b0a75770e0bb1","parentId":"wrk_scratchpad","modified":1731992744240,"created":1730093214962,"url":"localhost:8080/orders/deletebyid/8","name":"orderservice delete order by id","description":"","method":"DELETE","body":{},"parameters":[],"headers":[{"name":"User-Agent","value":"insomnia/10.1.1"}],"authentication":{"type":"oauth2","grantType":"client_credentials","accessTokenUrl":"http://localhost:8181/realms/spring-boot-relm/protocol/openid-connect/token","clientId":"spring-client-security","clientSecret":"sNwKHEXBf76kugm6OaTAQ1u8u5WhILHC"},"metaSortKey":-1730093214962,"isPrivate":false,"pathParameters":[],"settingStoreCookies":true,"settingSendCookies":true,"settingDisableRenderRequestBody":false,"settingEncodeUrl":true,"settingRebuildPath":true,"settingFollowRedirects":"global","_type":"request"},{"_id":"req_dd650d522f444c31aa66e536934a7b5f","parentId":"wrk_scratchpad","modified":1731992743346,"created":1730093148443,"url":"localhost:8080/orders/byuserId/1","name":"orderservice get order by userId","description":"","method":"GET","body":{},"parameters":[],"headers":[{"name":"User-Agent","value":"insomnia/10.1.1"}],"authentication":{"type":"oauth2","grantType":"client_credentials","clientSecret":"sNwKHEXBf76kugm6OaTAQ1u8u5WhILHC","clientId":"spring-client-security","accessTokenUrl":"http://localhost:8181/realms/spring-boot-relm/protocol/openid-connect/token"},"metaSortKey":-1730093148443,"isPrivate":false,"pathParameters":[],"settingStoreCookies":true,"settingSendCookies":true,"settingDisableRenderRequestBody":false,"settingEncodeUrl":true,"settingRebuildPath":true,"settingFollowRedirects":"global","_type":"request"},{"_id":"req_7fc924b183fd43b68be3cfa032889a82","parentId":"wrk_scratchpad","modified":1732006193107,"created":1730093010285,"url":"localhost:8080/orders/addorders","name":"orderservice addorders","description":"","method":"POST","body":{"mimeType":"application/json","text":"{\n\t\"userId\":\"5\",\n\t\"productId\":\"1\",\n\t\"quantity\":\"1\",\n\t\"price\":\"200\",\n\t\"status\":\"PENDING\"\n}"},"parameters":[],"headers":[{"name":"Content-Type","value":"application/json"},{"name":"User-Agent","value":"insomnia/10.1.1"}],"authentication":{"type":"oauth2","grantType":"client_credentials","accessTokenUrl":"http://localhost:8181/realms/spring-boot-relm/protocol/openid-connect/token","clientId":"spring-client-security","clientSecret":"sNwKHEXBf76kugm6OaTAQ1u8u5WhILHC"},"metaSortKey":-1730093010285,"isPrivate":false,"pathParameters":[],"settingStoreCookies":true,"settingSendCookies":true,"settingDisableRenderRequestBody":false,"settingEncodeUrl":true,"settingRebuildPath":true,"settingFollowRedirects":"global","_type":"request"},{"_id":"req_bde4f33990cb47f3aa9b3a37f5aeeb75","parentId":"wrk_scratchpad","modified":1731992742260,"created":1730092891338,"url":"localhost:8080/orders/allorders","name":"orderservice list allorders","description":"","method":"GET","body":{"mimeType":"application/json","text":"{\n\t\"userId\":\"1\",\n\t\"productId\":\"1\",\n\t\"quantity\":\"2\",\n\t\"price\":\"200\",\n\t\"status\":\"PENDING\"\n}"},"parameters":[],"headers":[{"name":"Content-Type","value":"application/json"},{"name":"User-Agent","value":"insomnia/10.1.1"}],"authentication":{"type":"oauth2","grantType":"client_credentials","accessTokenUrl":"http://localhost:8181/realms/spring-boot-relm/protocol/openid-connect/token","clientId":"spring-client-security","clientSecret":"sNwKHEXBf76kugm6OaTAQ1u8u5WhILHC"},"metaSortKey":-1730092891338,"isPrivate":false,"pathParameters":[],"settingStoreCookies":true,"settingSendCookies":true,"settingDisableRenderRequestBody":false,"settingEncodeUrl":true,"settingRebuildPath":true,"settingFollowRedirects":"global","_type":"request"},{"_id":"env_99d30891da4bdcebc63947a8fc17f076de878684","parentId":"wrk_scratchpad","modified":1730000552292,"created":1730000552292,"name":"Base Environment","data":{},"dataPropertyOrder":null,"color":null,"isPrivate":false,"metaSortKey":1730000552292,"_type":"environment"},{"_id":"jar_99d30891da4bdcebc63947a8fc17f076de878684","parentId":"wrk_scratchpad","modified":1730000552756,"created":1730000552756,"name":"Default Jar","cookies":[],"_type":"cookie_jar"}]}